이름,나이,거주지
변구훈,30,서울
홍길동,30,서울
아무개,25,강원
변구훈,30,서울
홍길동,30,서울
아무개,25,강원
변구훈,30,서울
홍길동,30,서울
아무개,25,강원
변구훈,30,서울
홍길동,30,서울
아무개,25,강원
변구훈,30,서울
홍길동,30,서울
아무개,25,강원
변구훈,30,서울
홍길동,30,서울
아무개,25,강원
변구훈,30,서울
홍길동,30,서울
아무개,25,강원
변구훈,30,서울
홍길동,30,서울
아무개,25,강원
변구훈,30,서울
홍길동,30,서울
아무개,25,강원
변구훈,30,서울
홍길동,30,서울
아무개,25,강원
변구훈,30,서울
홍길동,30,서울
아무개,25,강원
변구훈,30,서울
홍길동,30,서울
아무개,25,강원
변구훈,30,서울
홍길동,30,서울
아무개,25,강원
변구훈,30,서울
홍길동,30,서울
아무개,25,강원
변구훈,30,서울
홍길동,30,서울
아무개,25,강원
변구훈,30,서울
홍길동,30,서울
아무개,25,강원
변구훈,30,서울
홍길동,30,서울
아무개,25,강원
변구훈,30,서울
홍길동,30,서울
아무개,25,강원
변구훈,30,서울
홍길동,30,서울
아무개,25,강원
변구훈,30,서울
홍길동,30,서울
아무개,25,강원
변구훈,30,서울
홍길동,30,서울
아무개,25,강원
변구훈,30,서울
홍길동,30,서울
아무개,25,강원
변구훈,30,서울
홍길동,30,서울
아무개,25,강원
변구훈,30,서울
홍길동,30,서울
아무개,25,강원
변구훈,30,서울
홍길동,30,서울
아무개,25,강원
변구훈,30,서울
홍길동,30,서울
아무개,25,강원
변구훈,30,서울
홍길동,30,서울
아무개,25,강원
변구훈,30,서울
홍길동,30,서울
아무개,25,강원
변구훈,30,서울
홍길동,30,서울
아무개,25,강원
변구훈,30,서울
홍길동,30,서울
아무개,25,강원
변구훈,30,서울
홍길동,30,서울
아무개,25,강원
변구훈,30,서울
홍길동,30,서울
아무개,25,강원
변구훈,30,서울
홍길동,30,서울
아무개,25,강원
변구훈,30,서울